{"cameraMode":{"drawMode":0,"name":"Shaded","section":"Shading Mode"},"sceneLighting":true,"audioPlay":false,"sceneViewState":{"showFog":true,"showMaterialUpdate":false,"showSkybox":true,"showFlares":true,"showImageEffects":true,"showParticleSystems":true},"in2DMode":false,"pivot":{"x":1190.547607421875,"y":168.77517700195313,"z":-33.974586486816409},"rotation":{"x":0.23771336674690247,"y":-0.14554063975811006,"z":0.03604947775602341,"w":0.9596930742263794},"size":996.1683349609375,"orthographic":false}